{"cameraMode":{"drawMode":0,"name":"Shaded","section":"Shading Mode"},"sceneLighting":true,"audioPlay":false,"sceneViewState":{"showFog":true,"showMaterialUpdate":false,"showSkybox":false,"showFlares":true,"showImageEffects":true,"showParticleSystems":true},"in2DMode":false,"pivot":{"x":-5.068190574645996,"y":0.39917922019958498,"z":2.09326171875},"rotation":{"x":-0.31290870904922488,"y":0.0176620464771986,"z":-0.0058198790065944199,"w":-0.9496050477027893},"size":2.1620845794677736,"orthographic":false}